{
  "currency": "USD",
  "default": {
    "input": 0.003,
    "output": 0.015
  },
  "prices_per_1k_tokens": {
    "ai21.jamba-1-5-large-v1:0": {
      "input": 0.002,
      "output": 0.008
    },
    "ai21.jamba-1-5-mini-v1:0": {
      "input": 0.0002,
      "output": 0.0004
    },
    "ai21.jamba-instruct-v1:0": {
      "input": 0.0005,
      "output": 0.0007
    },
    "ai21.jurassic-2-mid-v1:0": {
      "input": 0.0125,
      "output": 0.0125
    },
    "ai21.jurassic-2-ultra-v1:0": {
      "input": 0.0188,
      "output": 0.0188
    },
    "amazon.titan-text-express-v1": {
      "input": 0.0002,
      "output": 0.0006
    },
    "amazon.titan-text-lite-v1": {
      "input": 0.00015,
      "output": 0.0002
    },
    "amazon.titan-text-premier-v1:0": {
      "input": 0.0005,
      "output": 0.0015
    },
    "anthropic.claude-haiku-4-5-20251001-v1:0": {
      "input": 0.0011,
      "output": 0.0055
    },
    "anthropic.claude-opus-4-5-20251101-v1:0": {
      "input": 0.0055,
      "output": 0.0275
    },
    "anthropic.claude-sonnet-4-5-20250929-v1:0": {
      "input": 0.0033,
      "output": 0.0165
    },
    "claude-3-5-haiku-20241022": {
      "input": 0.0008,
      "output": 0.004
    },
    "claude-3-5-sonnet-20241022": {
      "input": 0.003,
      "output": 0.015
    },
    "claude-3-7-sonnet-20250219": {
      "input": 0.003,
      "output": 0.015
    },
    "claude-3-haiku-20240307": {
      "input": 0.00025,
      "output": 0.00125
    },
    "claude-3-opus-20240229": {
      "input": 0.015,
      "output": 0.075
    },
    "claude-3-sonnet-20240229": {
      "input": 0.003,
      "output": 0.015
    },
    "claude-4-opus-20250514": {
      "input": 0.015,
      "output": 0.075
    },
    "claude-4-sonnet-20250514": {
      "input": 0.003,
      "output": 0.015
    },
    "claude-haiku-4-5-20251001": {
      "input": 0.001,
      "output": 0.005
    },
    "claude-opus-4-5-20251101": {
      "input": 0.005,
      "output": 0.025
    },
    "claude-sonnet-4-5-20250929": {
      "input": 0.003,
      "output": 0.015
    },
    "cohere.command-light-text-v14": {
      "input": 0.0003,
      "output": 0.0006
    },
    "cohere.command-r-plus-v1:0": {
      "input": 0.003,
      "output": 0.015
    },
    "cohere.command-r-v1:0": {
      "input": 0.0005,
      "output": 0.0015
    },
    "cohere.command-text-v14": {
      "input": 0.001,
      "output": 0.002
    },
    "global.anthropic.claude-haiku-4-5-20251001-v1:0": {
      "input": 0.0011,
      "output": 0.0055
    },
    "global.anthropic.claude-opus-4-5-20251101-v1:0": {
      "input": 0.0055,
      "output": 0.0275
    },
    "global.anthropic.claude-sonnet-4-5-20250929-v1:0": {
      "input": 0.0033,
      "output": 0.0165
    },
    "gpt-3.5-turbo": {
      "input": 0.0005,
      "output": 0.0015
    },
    "gpt-4": {
      "input": 0.03,
      "output": 0.06
    },
    "gpt-4-turbo": {
      "input": 0.01,
      "output": 0.03
    },
    "gpt-4.1": {
      "input": 0.002,
      "output": 0.008
    },
    "gpt-4.1-mini": {
      "input": 0.0004,
      "output": 0.0016
    },
    "gpt-4.1-nano": {
      "input": 0.0001,
      "output": 0.0004
    },
    "gpt-4.5-preview": {
      "input": 0.075,
      "output": 0.15
    },
    "gpt-4o": {
      "input": 0.0025,
      "output": 0.01
    },
    "gpt-4o-mini": {
      "input": 0.00015,
      "output": 0.0006
    },
    "meta.llama2-13b-chat-v1": {
      "input": 0.00075,
      "output": 0.001
    },
    "meta.llama2-70b-chat-v1": {
      "input": 0.00195,
      "output": 0.00256
    },
    "meta.llama3-1-405b-instruct-v1:0": {
      "input": 0.0024,
      "output": 0.0024
    },
    "meta.llama3-70b-instruct-v1:0": {
      "input": 0.00265,
      "output": 0.0035
    },
    "meta.llama3-8b-instruct-v1:0": {
      "input": 0.0003,
      "output": 0.0006
    },
    "meta.llama4-maverick-17b-instruct-v1:0": {
      "input": 0.00024,
      "output": 0.00097
    },
    "meta.llama4-scout-17b-instruct-v1:0": {
      "input": 0.00017,
      "output": 0.00066
    },
    "mistral.mistral-7b-instruct-v0:2": {
      "input": 0.00015,
      "output": 0.0002
    },
    "mistral.mistral-large-2402-v1:0": {
      "input": 0.004,
      "output": 0.012
    },
    "mistral.mistral-small-2402-v1:0": {
      "input": 0.001,
      "output": 0.003
    },
    "mistral.mixtral-8x7b-instruct-v0:1": {
      "input": 0.00045,
      "output": 0.0007
    },
    "mistral.pixtral-large-2502-v1:0": {
      "input": 0.002,
      "output": 0.006
    },
    "o1": {
      "input": 0.015,
      "output": 0.06
    },
    "o1-mini": {
      "input": 0.0011,
      "output": 0.0044
    },
    "o1-pro": {
      "input": 0.15,
      "output": 0.6
    },
    "o3": {
      "input": 0.002,
      "output": 0.008
    },
    "o3-deep-research": {
      "input": 0.01,
      "output": 0.04
    },
    "o3-mini": {
      "input": 0.0011,
      "output": 0.0044
    },
    "o3-pro": {
      "input": 0.2,
      "output": 0.8
    },
    "o4-mini": {
      "input": 0.0011,
      "output": 0.0044
    },
    "o4-mini-deep-research": {
      "input": 0.002,
      "output": 0.008
    },
    "us.amazon.nova-lite-v1:0": {
      "input": 6e-05,
      "output": 0.00024
    },
    "us.amazon.nova-micro-v1:0": {
      "input": 3.5e-05,
      "output": 0.00014
    },
    "us.amazon.nova-premier-v1:0": {
      "input": 0.0025,
      "output": 0.0125
    },
    "us.amazon.nova-pro-v1:0": {
      "input": 0.0008,
      "output": 0.0032
    },
    "us.anthropic.claude-3-5-haiku-20241022-v1:0": {
      "input": 0.0008,
      "output": 0.004
    },
    "us.anthropic.claude-3-5-sonnet-20240620-v1:0": {
      "input": 0.003,
      "output": 0.015
    },
    "us.anthropic.claude-3-5-sonnet-20241022-v2:0": {
      "input": 0.003,
      "output": 0.015
    },
    "us.anthropic.claude-3-7-sonnet-20250219-v1:0": {
      "input": 0.003,
      "output": 0.015
    },
    "us.anthropic.claude-3-haiku-20240307-v1:0": {
      "input": 0.00025,
      "output": 0.00125
    },
    "us.anthropic.claude-3-opus-20240229-v1:0": {
      "input": 0.015,
      "output": 0.075
    },
    "us.anthropic.claude-3-sonnet-20240229-v1:0": {
      "input": 0.003,
      "output": 0.015
    },
    "us.anthropic.claude-haiku-4-5-20251001-v1:0": {
      "input": 0.0011,
      "output": 0.0055
    },
    "us.anthropic.claude-opus-4-1-20250805-v1:0": {
      "input": 0.015,
      "output": 0.075
    },
    "us.anthropic.claude-opus-4-20250514-v1:0": {
      "input": 0.015,
      "output": 0.075
    },
    "us.anthropic.claude-opus-4-5-20251101-v1:0": {
      "input": 0.0055,
      "output": 0.0275
    },
    "us.anthropic.claude-sonnet-4-20250514-v1:0": {
      "input": 0.003,
      "output": 0.015
    },
    "us.anthropic.claude-sonnet-4-5-20250929-v1:0": {
      "input": 0.0033,
      "output": 0.0165
    },
    "us.meta.llama3-1-70b-instruct-v1:0": {
      "input": 0.00072,
      "output": 0.00072
    },
    "us.meta.llama3-1-8b-instruct-v1:0": {
      "input": 0.00022,
      "output": 0.00022
    },
    "us.meta.llama3-2-11b-instruct-v1:0": {
      "input": 0.00016,
      "output": 0.00016
    },
    "us.meta.llama3-2-1b-instruct-v1:0": {
      "input": 0.0001,
      "output": 0.0001
    },
    "us.meta.llama3-2-3b-instruct-v1:0": {
      "input": 0.00015,
      "output": 0.00015
    },
    "us.meta.llama3-2-90b-instruct-v1:0": {
      "input": 0.00072,
      "output": 0.00072
    },
    "us.meta.llama3-3-70b-instruct-v1:0": {
      "input": 0.00072,
      "output": 0.00072
    },
    "us.meta.llama4-maverick-17b-instruct-v1:0": {
      "input": 0.00024,
      "output": 0.00097
    },
    "us.meta.llama4-scout-17b-instruct-v1:0": {
      "input": 0.00017,
      "output": 0.00066
    }
  }
}